{
  "height": 31.5,
  "width": 16.30938720703125,
  "x": 321.8448486328125,
  "y": 809.93896484375
}