{
  "height": 141,
  "width": 65,
  "x": 775.203125,
  "y": 1744.59375
}