{
  "height": 31,
  "width": 14.4375,
  "x": 322.7734375,
  "y": 982.4466552734375
}