{
  "height": 31,
  "width": 17.09375,
  "x": 399.73828125,
  "y": 1118.0560302734375
}