{
  "height": 31,
  "width": 17.09375,
  "x": 243.15234375,
  "y": 1027.6497802734375
}