{
  "height": 31.5,
  "width": 17.09375,
  "x": 321.44921875,
  "y": 990.75146484375
}