{
  "height": 31.5,
  "width": 14.0234375,
  "x": 244.685546875,
  "y": 945.54833984375
}