{
  "height": 88,
  "width": 163,
  "x": 804.6640625,
  "y": 1457.3671875
}