{
  "height": 31.5,
  "width": 7.703125,
  "x": 404.443359375,
  "y": 945.54833984375
}