{
  "height": 31.5,
  "width": 17.09375,
  "x": 243.150390625,
  "y": 855.14208984375
}