{
  "height": 31,
  "width": 14.015625,
  "x": 401.27734375,
  "y": 1027.6497802734375
}