{
  "height": 31,
  "width": 16.306243896484375,
  "x": 243.54803466796875,
  "y": 1027.6497802734375
}