{
  "height": 44,
  "width": 163,
  "x": 988.328125,
  "y": 1458.421875
}