{
  "height": 31.5,
  "width": 14.4375,
  "x": 401.076171875,
  "y": 855.14208984375
}