{
  "height": 31.5,
  "width": 16.309371948242188,
  "x": 243.54603576660156,
  "y": 945.54833984375
}