{
  "height": 31,
  "width": 16.3062744140625,
  "x": 321.84100341796875,
  "y": 1163.2591552734375
}