{
  "height": 31,
  "width": 14.4375,
  "x": 401.06640625,
  "y": 1027.6497802734375
}