{
  "height": 31,
  "width": 16.43365478515625,
  "x": 321.7808837890625,
  "y": 982.4466552734375
}