{
  "height": 31,
  "width": 7.703125,
  "x": 247.84765625,
  "y": 1027.6497802734375
}