{
  "height": 31,
  "width": 14.015625,
  "x": 322.984375,
  "y": 1163.2591552734375
}