{
  "height": 31,
  "width": 14.4375,
  "x": 244.48046875,
  "y": 1118.0560302734375
}