{
  "height": 31,
  "width": 14.015625,
  "x": 322.984375,
  "y": 982.4466552734375
}