{
  "height": 31.5,
  "width": 16.436767578125,
  "x": 321.7886962890625,
  "y": 990.75146484375
}