{
  "height": 31.5,
  "width": 7.703125,
  "x": 404.443359375,
  "y": 855.14208984375
}