{
  "height": 31,
  "width": 14.015625,
  "x": 244.69140625,
  "y": 1118.0560302734375
}