{
  "height": 31,
  "width": 16.433639526367188,
  "x": 243.48793029785156,
  "y": 1118.0560302734375
}