{
  "height": 31.5,
  "width": 14.0234375,
  "x": 401.283203125,
  "y": 945.54833984375
}