{
  "height": 31,
  "width": 17.09375,
  "x": 321.4453125,
  "y": 982.4466552734375
}