{
  "height": 31,
  "width": 7.703125,
  "x": 326.140625,
  "y": 982.4466552734375
}