{
  "height": 44,
  "width": 163,
  "x": 804.6640625,
  "y": 1458.421875
}