{
  "height": 31,
  "width": 16.3062744140625,
  "x": 400.13397216796875,
  "y": 1027.6497802734375
}