{
  "height": 31,
  "width": 7.703125,
  "x": 404.43359375,
  "y": 1027.6497802734375
}