{
  "height": 31,
  "width": 16.43365478515625,
  "x": 400.0738525390625,
  "y": 1027.6497802734375
}