{
  "height": 31.5,
  "width": 14.4375,
  "x": 244.478515625,
  "y": 855.14208984375
}